{"ROC-AUC": 0.7849199003203986, "Precision-Recall": 0.7478888785486553, "MCC": 0.4265962502402016, "Sensitivity": 0.6433962264150943, "Specificity": 0.779245283018868, "Accuracy": 0.7113207547169811, "Balanced Accuracy": 0.7113207547169811, "Precision": 0.7445414847161572, "theta": 0.5555555555555556}