{"ROC-AUC": 0.79007089732238, "Precision-Recall": 0.7616814826318259, "MCC": 0.43932857106240053, "Sensitivity": 0.6694995278564684, "Specificity": 0.7677053824362606, "Accuracy": 0.7186024551463644, "Balanced Accuracy": 0.7186024551463646, "Precision": 0.7424083769633508, "theta": 0.5555555555555556}