{"ROC-AUC": 0.7766438234247063, "Precision-Recall": 0.7398564623680084, "MCC": 0.413547613760664, "Sensitivity": 0.6433962264150943, "Specificity": 0.7669811320754717, "Accuracy": 0.7051886792452831, "Balanced Accuracy": 0.7051886792452831, "Precision": 0.7341227125941873, "theta": 0.5555555555555556}