{"ROC-AUC": 0.7934838910644357, "Precision-Recall": 0.7630000875590561, "MCC": 0.46116533279188143, "Sensitivity": 0.6754716981132075, "Specificity": 0.7830188679245284, "Accuracy": 0.7292452830188679, "Balanced Accuracy": 0.7292452830188679, "Precision": 0.7568710359408034, "theta": 0.5555555555555556}