{"ROC-AUC": 0.7781212175151299, "Precision-Recall": 0.7477990399277982, "MCC": 0.4272744603727009, "Sensitivity": 0.6462264150943396, "Specificity": 0.7773584905660378, "Accuracy": 0.7117924528301887, "Balanced Accuracy": 0.7117924528301887, "Precision": 0.743756786102063, "theta": 0.5555555555555556}