{"ROC-AUC": 0.7861836952652189, "Precision-Recall": 0.7494641658012209, "MCC": 0.43021681187721833, "Sensitivity": 0.6386792452830189, "Specificity": 0.7867924528301887, "Accuracy": 0.7127358490566038, "Balanced Accuracy": 0.7127358490566038, "Precision": 0.7497231450719822, "theta": 0.5555555555555556}