{"ROC-AUC": 0.7743449626201495, "Precision-Recall": 0.7447751128913885, "MCC": 0.384579596791729, "Sensitivity": 0.5018867924528302, "Specificity": 0.8575471698113207, "Accuracy": 0.6797169811320755, "Balanced Accuracy": 0.6797169811320755, "Precision": 0.7789165446559297, "theta": 0.6666666666666666}