{"ROC-AUC": 0.7896235315058739, "Precision-Recall": 0.7513620687098421, "MCC": 0.453302381842559, "Sensitivity": 0.6745283018867925, "Specificity": 0.7764150943396226, "Accuracy": 0.7254716981132076, "Balanced Accuracy": 0.7254716981132076, "Precision": 0.7510504201680672, "theta": 0.5555555555555556}