{"ROC-AUC": 0.7924243503025987, "Precision-Recall": 0.7652226659806314, "MCC": 0.4279214135672846, "Sensitivity": 0.6330188679245283, "Specificity": 0.789622641509434, "Accuracy": 0.7113207547169811, "Balanced Accuracy": 0.7113207547169811, "Precision": 0.7505592841163311, "theta": 0.5555555555555556}