{"ROC-AUC": 0.7763661445354219, "Precision-Recall": 0.749726859573238, "MCC": 0.4406642544545654, "Sensitivity": 0.6613207547169812, "Specificity": 0.7764150943396226, "Accuracy": 0.7188679245283018, "Balanced Accuracy": 0.7188679245283018, "Precision": 0.7473347547974414, "theta": 0.5555555555555556}