{"ROC-AUC": 0.7739564791740834, "Precision-Recall": 0.7556073233599884, "MCC": 0.41579188970913045, "Sensitivity": 0.6509433962264151, "Specificity": 0.7622641509433963, "Accuracy": 0.7066037735849057, "Balanced Accuracy": 0.7066037735849057, "Precision": 0.732484076433121, "theta": 0.5789473684210527}