{"ROC-AUC": 0.7914244393022429, "Precision-Recall": 0.7733317891126079, "MCC": 0.44809797511956073, "Sensitivity": 0.6575471698113208, "Specificity": 0.7867924528301887, "Accuracy": 0.7221698113207548, "Balanced Accuracy": 0.7221698113207548, "Precision": 0.7551462621885157, "theta": 0.5789473684210527}