{"ROC-AUC": 0.7941602883588467, "Precision-Recall": 0.7642144695118929, "MCC": 0.45674119059219337, "Sensitivity": 0.7160377358490566, "Specificity": 0.7405660377358491, "Accuracy": 0.7283018867924528, "Balanced Accuracy": 0.7283018867924529, "Precision": 0.7340425531914894, "theta": 0.5263157894736842}