{"ROC-AUC": 0.8042937878248486, "Precision-Recall": 0.7794334396286572, "MCC": 0.4849755889195668, "Sensitivity": 0.7509433962264151, "Specificity": 0.7339622641509433, "Accuracy": 0.7424528301886792, "Balanced Accuracy": 0.7424528301886792, "Precision": 0.738404452690167, "theta": 0.5263157894736842}