{"ROC-AUC": 0.7866140085439659, "Precision-Recall": 0.7682229572820559, "MCC": 0.4501613289040173, "Sensitivity": 0.6660377358490566, "Specificity": 0.7811320754716982, "Accuracy": 0.7235849056603774, "Balanced Accuracy": 0.7235849056603774, "Precision": 0.7526652452025586, "theta": 0.5789473684210527}