{"ROC-AUC": 0.7909625753802337, "Precision-Recall": 0.7673959363910506, "MCC": 0.45798004242684587, "Sensitivity": 0.7299338999055713, "Specificity": 0.7280453257790368, "Accuracy": 0.728989612842304, "Balanced Accuracy": 0.7289896128423041, "Precision": 0.7285579641847314, "theta": 0.5263157894736842}