{"ROC-AUC": 0.7860315058739764, "Precision-Recall": 0.7536076500909562, "MCC": 0.4374719126877426, "Sensitivity": 0.6537735849056604, "Specificity": 0.780188679245283, "Accuracy": 0.7169811320754716, "Balanced Accuracy": 0.7169811320754718, "Precision": 0.7483801295896328, "theta": 0.5789473684210527}