{"ROC-AUC": 0.7949038803844785, "Precision-Recall": 0.7696780773976458, "MCC": 0.4754852400715172, "Sensitivity": 0.7339622641509433, "Specificity": 0.7415094339622641, "Accuracy": 0.7377358490566037, "Balanced Accuracy": 0.7377358490566037, "Precision": 0.7395437262357415, "theta": 0.5263157894736842}