{"ROC-AUC": 0.7813536845852617, "Precision-Recall": 0.7570416739592597, "MCC": 0.43117524888227593, "Sensitivity": 0.7084905660377359, "Specificity": 0.7226415094339622, "Accuracy": 0.715566037735849, "Balanced Accuracy": 0.715566037735849, "Precision": 0.7186602870813397, "theta": 0.5263157894736842}