{"ROC-AUC": 0.7917070131719474, "Precision-Recall": 0.7703603142911348, "MCC": 0.4595144840398043, "Sensitivity": 0.6632075471698113, "Specificity": 0.7924528301886793, "Accuracy": 0.7278301886792453, "Balanced Accuracy": 0.7278301886792453, "Precision": 0.761646803900325, "theta": 0.5789473684210527}