{"ROC-AUC": 0.790809896760413, "Precision-Recall": 0.7617863574177803, "MCC": 0.46038473388357865, "Sensitivity": 0.7273584905660377, "Specificity": 0.7330188679245283, "Accuracy": 0.730188679245283, "Balanced Accuracy": 0.730188679245283, "Precision": 0.7314990512333965, "theta": 0.52}