{"ROC-AUC": 0.7923629405482377, "Precision-Recall": 0.7758016071467845, "MCC": 0.45821012925741, "Sensitivity": 0.7556603773584906, "Specificity": 0.7018867924528301, "Accuracy": 0.7287735849056604, "Balanced Accuracy": 0.7287735849056604, "Precision": 0.7170993733213966, "theta": 0.48}