{"ROC-AUC": 0.7949510501957994, "Precision-Recall": 0.7781776696032308, "MCC": 0.46492397447618683, "Sensitivity": 0.6886792452830188, "Specificity": 0.7745283018867924, "Accuracy": 0.7316037735849057, "Balanced Accuracy": 0.7316037735849057, "Precision": 0.7533539731682146, "theta": 0.56}