{"ROC-AUC": 0.8055469028123888, "Precision-Recall": 0.7816468510297911, "MCC": 0.48171205678560797, "Sensitivity": 0.7160377358490566, "Specificity": 0.7650943396226415, "Accuracy": 0.7405660377358491, "Balanced Accuracy": 0.7405660377358491, "Precision": 0.7529761904761905, "theta": 0.56}