{"ROC-AUC": 0.7847686009255963, "Precision-Recall": 0.7676013349233801, "MCC": 0.4401406447987116, "Sensitivity": 0.6405660377358491, "Specificity": 0.7943396226415095, "Accuracy": 0.7174528301886792, "Balanced Accuracy": 0.7174528301886793, "Precision": 0.7569676700111483, "theta": 0.6}