{"ROC-AUC": 0.7940739587041652, "Precision-Recall": 0.7722397931166046, "MCC": 0.4818902651479187, "Sensitivity": 0.6981132075471698, "Specificity": 0.7820754716981132, "Accuracy": 0.7400943396226415, "Balanced Accuracy": 0.7400943396226415, "Precision": 0.7621009268795057, "theta": 0.56}