{"ROC-AUC": 0.7858430058110659, "Precision-Recall": 0.7613065368638008, "MCC": 0.45105601517062927, "Sensitivity": 0.6987724268177526, "Specificity": 0.7516525023607177, "Accuracy": 0.7252124645892352, "Balanced Accuracy": 0.7252124645892352, "Precision": 0.7377866400797607, "theta": 0.56}