{"ROC-AUC": 0.7809166963332147, "Precision-Recall": 0.7529884658043158, "MCC": 0.4402337392805151, "Sensitivity": 0.6773584905660377, "Specificity": 0.7613207547169811, "Accuracy": 0.7193396226415094, "Balanced Accuracy": 0.7193396226415094, "Precision": 0.7394438722966015, "theta": 0.56}