{"ROC-AUC": 0.6992445703493863, "Precision-Recall": 0.637565068878412, "MCC": 0.0, "Sensitivity": 0.0, "Specificity": 1.0, "Accuracy": 0.5, "Balanced Accuracy": 0.5, "Precision": 0.0, "theta": 1.0}