{"ROC-AUC": 0.6792452830188679, "Precision-Recall": 0.6203042665306817, "MCC": 0.0, "Sensitivity": 0.0, "Specificity": 1.0, "Accuracy": 0.5, "Balanced Accuracy": 0.5, "Precision": 0.0, "theta": 1.0}