{"ROC-AUC": 0.6962264150943396, "Precision-Recall": 0.6341053542311403, "MCC": 0.0, "Sensitivity": 0.0, "Specificity": 1.0, "Accuracy": 0.5, "Balanced Accuracy": 0.5, "Precision": 0.0, "theta": 1.0}