{"ROC-AUC": 0.6726415094339622, "Precision-Recall": 0.6136980478074621, "MCC": 0.0, "Sensitivity": 0.0, "Specificity": 1.0, "Accuracy": 0.5, "Balanced Accuracy": 0.5, "Precision": 0.0, "theta": 1.0}