{"ROC-AUC": 0.6721698113207547, "Precision-Recall": 0.6143158046415433, "MCC": 0.0, "Sensitivity": 0.0, "Specificity": 1.0, "Accuracy": 0.5, "Balanced Accuracy": 0.5, "Precision": 0.0, "theta": 1.0}