{"ROC-AUC": 0.8018667675329298, "Precision-Recall": 0.7774359655248967, "MCC": 0.4764509270357092, "Sensitivity": 0.7443396226415094, "Specificity": 0.7320754716981132, "Accuracy": 0.7382075471698113, "Balanced Accuracy": 0.7382075471698113, "Precision": 0.7353215284249767, "theta": 0.5294117647058824}