{"ROC-AUC": 0.7896048415806337, "Precision-Recall": 0.7674934081166934, "MCC": 0.45711259249691316, "Sensitivity": 0.7047169811320755, "Specificity": 0.7518867924528302, "Accuracy": 0.7283018867924528, "Balanced Accuracy": 0.7283018867924529, "Precision": 0.7396039603960396, "theta": 0.5294117647058824}