{"ROC-AUC": 0.7818414026343895, "Precision-Recall": 0.7551664248572982, "MCC": 0.4369139859494487, "Sensitivity": 0.7066037735849057, "Specificity": 0.730188679245283, "Accuracy": 0.7183962264150944, "Balanced Accuracy": 0.7183962264150943, "Precision": 0.7236714975845411, "theta": 0.5294117647058824}