{"ROC-AUC": 0.7925283620498251, "Precision-Recall": 0.7713848032573197, "MCC": 0.45326284245306553, "Sensitivity": 0.724268177525968, "Specificity": 0.728989612842304, "Accuracy": 0.726628895184136, "Balanced Accuracy": 0.726628895184136, "Precision": 0.7277039848197343, "theta": 0.5294117647058824}