{"ROC-AUC": 0.7911400854396582, "Precision-Recall": 0.7734872266121536, "MCC": 0.4536067810411356, "Sensitivity": 0.6971698113207547, "Specificity": 0.7556603773584906, "Accuracy": 0.7264150943396226, "Balanced Accuracy": 0.7264150943396226, "Precision": 0.7404809619238477, "theta": 0.5294117647058824}