{"ROC-AUC": 0.794685386258455, "Precision-Recall": 0.7684517320002724, "MCC": 0.4774273307262662, "Sensitivity": 0.730188679245283, "Specificity": 0.7471698113207547, "Accuracy": 0.7386792452830189, "Balanced Accuracy": 0.7386792452830189, "Precision": 0.7428023032629558, "theta": 0.5294117647058824}