{"ROC-AUC": 0.7874092203631186, "Precision-Recall": 0.7572350348690934, "MCC": 0.4553528766473966, "Sensitivity": 0.7009433962264151, "Specificity": 0.7537735849056604, "Accuracy": 0.7273584905660377, "Balanced Accuracy": 0.7273584905660377, "Precision": 0.7400398406374502, "theta": 0.5294117647058824}