{"ROC-AUC": 0.7721471164115344, "Precision-Recall": 0.7518084702574097, "MCC": 0.4120486444128719, "Sensitivity": 0.6386792452830189, "Specificity": 0.769811320754717, "Accuracy": 0.7042452830188679, "Balanced Accuracy": 0.7042452830188679, "Precision": 0.7350705754614549, "theta": 0.5882352941176471}