{"ROC-AUC": 0.786622908508366, "Precision-Recall": 0.7665719473263827, "MCC": 0.4539435021132244, "Sensitivity": 0.7132075471698113, "Specificity": 0.7405660377358491, "Accuracy": 0.7268867924528302, "Balanced Accuracy": 0.7268867924528302, "Precision": 0.7332686711930165, "theta": 0.5294117647058824}