{"ROC-AUC": 0.7948976504093983, "Precision-Recall": 0.7651504014169032, "MCC": 0.43837365899280223, "Sensitivity": 0.6462264150943396, "Specificity": 0.7877358490566038, "Accuracy": 0.7169811320754716, "Balanced Accuracy": 0.7169811320754718, "Precision": 0.7527472527472527, "theta": 0.5882352941176471}