{"ROC-AUC": 0.7933837664649341, "Precision-Recall": 0.7771106795651871, "MCC": 0.4551092343104317, "Sensitivity": 0.7066037735849057, "Specificity": 0.7481132075471698, "Accuracy": 0.7273584905660377, "Balanced Accuracy": 0.7273584905660377, "Precision": 0.7372047244094488, "theta": 0.5238095238095238}