{"ROC-AUC": 0.786815592737629, "Precision-Recall": 0.7684717889001338, "MCC": 0.4529635810383948, "Sensitivity": 0.6783018867924528, "Specificity": 0.7726415094339623, "Accuracy": 0.7254716981132076, "Balanced Accuracy": 0.7254716981132076, "Precision": 0.7489583333333333, "theta": 0.5714285714285714}