{"ROC-AUC": 0.7845478818084729, "Precision-Recall": 0.7534734882400537, "MCC": 0.4548757052258808, "Sensitivity": 0.7141509433962264, "Specificity": 0.7405660377358491, "Accuracy": 0.7273584905660377, "Balanced Accuracy": 0.7273584905660377, "Precision": 0.7335271317829457, "theta": 0.5238095238095238}