{"ROC-AUC": 0.7833842114631542, "Precision-Recall": 0.7625238428514355, "MCC": 0.4424223492618599, "Sensitivity": 0.6745283018867925, "Specificity": 0.7660377358490567, "Accuracy": 0.7202830188679246, "Balanced Accuracy": 0.7202830188679246, "Precision": 0.7424714434060229, "theta": 0.5714285714285714}