{"ROC-AUC": 0.7936587753648986, "Precision-Recall": 0.7740579842001399, "MCC": 0.46894874279362025, "Sensitivity": 0.6877358490566038, "Specificity": 0.779245283018868, "Accuracy": 0.7334905660377359, "Balanced Accuracy": 0.7334905660377359, "Precision": 0.7570093457943925, "theta": 0.5714285714285714}