{"ROC-AUC": 0.7939573691705233, "Precision-Recall": 0.7650821954792484, "MCC": 0.46602620384993787, "Sensitivity": 0.7641509433962265, "Specificity": 0.7009433962264151, "Accuracy": 0.7325471698113207, "Balanced Accuracy": 0.7325471698113208, "Precision": 0.7187222715173026, "theta": 0.47619047619047616}