{"ROC-AUC": 0.8058851014595941, "Precision-Recall": 0.782592552694159, "MCC": 0.47078103229699536, "Sensitivity": 0.7028301886792453, "Specificity": 0.7669811320754717, "Accuracy": 0.7349056603773585, "Balanced Accuracy": 0.7349056603773585, "Precision": 0.751008064516129, "theta": 0.5714285714285714}