{"ROC-AUC": 0.7885265109261771, "Precision-Recall": 0.7635891059683201, "MCC": 0.45831196224819065, "Sensitivity": 0.6912181303116147, "Specificity": 0.7658168083097262, "Accuracy": 0.7285174693106704, "Balanced Accuracy": 0.7285174693106704, "Precision": 0.746938775510204, "theta": 0.5714285714285714}