{"ROC-AUC": 0.7927296190815236, "Precision-Recall": 0.7681473418494411, "MCC": 0.4651111047875085, "Sensitivity": 0.7283018867924528, "Specificity": 0.7367924528301887, "Accuracy": 0.7325471698113207, "Balanced Accuracy": 0.7325471698113207, "Precision": 0.7345385347288297, "theta": 0.5238095238095238}