{"ROC-AUC": 0.7746787112851548, "Precision-Recall": 0.7557740669462937, "MCC": 0.4164405069522656, "Sensitivity": 0.6547169811320754, "Specificity": 0.7594339622641509, "Accuracy": 0.7070754716981132, "Balanced Accuracy": 0.7070754716981131, "Precision": 0.7312961011591148, "theta": 0.5714285714285714}