{"ROC-AUC": 0.7644490922036311, "Precision-Recall": 0.7194750268309249, "MCC": 0.3855686421168494, "Sensitivity": 0.5481132075471699, "Specificity": 0.8226415094339623, "Accuracy": 0.685377358490566, "Balanced Accuracy": 0.685377358490566, "Precision": 0.7555266579973993, "theta": 0.6}