{"ROC-AUC": 0.7861329654681382, "Precision-Recall": 0.7417858899220326, "MCC": 0.419757608131938, "Sensitivity": 0.5566037735849056, "Specificity": 0.8452830188679246, "Accuracy": 0.7009433962264151, "Balanced Accuracy": 0.7009433962264151, "Precision": 0.7824933687002652, "theta": 0.6}