{"ROC-AUC": 0.7624652901388395, "Precision-Recall": 0.718057616118281, "MCC": 0.4006235233410204, "Sensitivity": 0.5537735849056604, "Specificity": 0.8311320754716981, "Accuracy": 0.6924528301886792, "Balanced Accuracy": 0.6924528301886792, "Precision": 0.7663185378590078, "theta": 0.6}