{"ROC-AUC": 0.764688501245995, "Precision-Recall": 0.7228804349780635, "MCC": 0.39538055682214607, "Sensitivity": 0.5575471698113208, "Specificity": 0.8235849056603773, "Accuracy": 0.690566037735849, "Balanced Accuracy": 0.6905660377358491, "Precision": 0.7596401028277635, "theta": 0.6}