{"ROC-AUC": 0.7822366139060759, "Precision-Recall": 0.7450590989266704, "MCC": 0.41312116501685847, "Sensitivity": 0.5769593956562795, "Specificity": 0.8234183191690274, "Accuracy": 0.7001888574126535, "Balanced Accuracy": 0.7001888574126535, "Precision": 0.7656641604010025, "theta": 0.6}