{"ROC-AUC": 0.7546698113207547, "Precision-Recall": 0.7102651482694705, "MCC": 0.3766142229190561, "Sensitivity": 0.539622641509434, "Specificity": 0.8216981132075472, "Accuracy": 0.6806603773584906, "Balanced Accuracy": 0.6806603773584905, "Precision": 0.7516425755584757, "theta": 0.6}