{"ROC-AUC": 0.7771773762904949, "Precision-Recall": 0.7281569072514367, "MCC": 0.3994232403964525, "Sensitivity": 0.5452830188679245, "Specificity": 0.8367924528301887, "Accuracy": 0.6910377358490566, "Balanced Accuracy": 0.6910377358490566, "Precision": 0.7696404793608522, "theta": 0.6}