{"ROC-AUC": 0.78062967248131, "Precision-Recall": 0.7360260286002843, "MCC": 0.3934447376823168, "Sensitivity": 0.5471698113207547, "Specificity": 0.8301886792452831, "Accuracy": 0.6886792452830188, "Balanced Accuracy": 0.6886792452830188, "Precision": 0.7631578947368421, "theta": 0.6}