{"ROC-AUC": 0.7756634923460306, "Precision-Recall": 0.7270097807939118, "MCC": 0.39429559785001067, "Sensitivity": 0.5575471698113208, "Specificity": 0.8226415094339623, "Accuracy": 0.6900943396226416, "Balanced Accuracy": 0.6900943396226416, "Precision": 0.7586649550706034, "theta": 0.6}