{"ROC-AUC": 0.7800752046991812, "Precision-Recall": 0.7348043679903832, "MCC": 0.4027780386821483, "Sensitivity": 0.5632075471698114, "Specificity": 0.8254716981132075, "Accuracy": 0.6943396226415094, "Balanced Accuracy": 0.6943396226415095, "Precision": 0.7634271099744245, "theta": 0.6}