{"ROC-AUC": 0.7753875934496262, "Precision-Recall": 0.7358172573177129, "MCC": 0.42492457629565855, "Sensitivity": 0.6122641509433963, "Specificity": 0.8047169811320755, "Accuracy": 0.7084905660377359, "Balanced Accuracy": 0.7084905660377359, "Precision": 0.758177570093458, "theta": 0.5714285714285714}