{"ROC-AUC": 0.7850382698469206, "Precision-Recall": 0.7448237866100524, "MCC": 0.4186899493711786, "Sensitivity": 0.6122641509433963, "Specificity": 0.7990566037735849, "Accuracy": 0.7056603773584905, "Balanced Accuracy": 0.7056603773584906, "Precision": 0.7529002320185615, "theta": 0.5714285714285714}