{"ROC-AUC": 0.7693609825560698, "Precision-Recall": 0.7347418773514216, "MCC": 0.4153108980989242, "Sensitivity": 0.6075471698113207, "Specificity": 0.8, "Accuracy": 0.7037735849056603, "Balanced Accuracy": 0.7037735849056603, "Precision": 0.7523364485981309, "theta": 0.5714285714285714}