{"ROC-AUC": 0.7681924172303312, "Precision-Recall": 0.7338414189462448, "MCC": 0.41145159395721126, "Sensitivity": 0.6122641509433963, "Specificity": 0.7924528301886793, "Accuracy": 0.7023584905660377, "Balanced Accuracy": 0.7023584905660378, "Precision": 0.7468354430379747, "theta": 0.5714285714285714}