{"ROC-AUC": 0.7917083481666074, "Precision-Recall": 0.7617672319713534, "MCC": 0.41980248736378367, "Sensitivity": 0.6056603773584905, "Specificity": 0.8056603773584906, "Accuracy": 0.7056603773584905, "Balanced Accuracy": 0.7056603773584906, "Precision": 0.7570754716981132, "theta": 0.5714285714285714}