{"ROC-AUC": 0.7874528301886792, "Precision-Recall": 0.7414647672958785, "MCC": 0.4241538348968776, "Sensitivity": 0.6235849056603774, "Specificity": 0.7943396226415095, "Accuracy": 0.7089622641509434, "Balanced Accuracy": 0.7089622641509434, "Precision": 0.7519908987485779, "theta": 0.5714285714285714}