{"ROC-AUC": 0.7707106621573514, "Precision-Recall": 0.733873690442471, "MCC": 0.4141123777398091, "Sensitivity": 0.6150943396226415, "Specificity": 0.7924528301886793, "Accuracy": 0.7037735849056603, "Balanced Accuracy": 0.7037735849056603, "Precision": 0.7477064220183486, "theta": 0.5714285714285714}