{"ROC-AUC": 0.7838398510540973, "Precision-Recall": 0.7523751649867276, "MCC": 0.4295557324261078, "Sensitivity": 0.6317280453257791, "Specificity": 0.7922568460812087, "Accuracy": 0.7119924457034938, "Balanced Accuracy": 0.7119924457034938, "Precision": 0.7525309336332958, "theta": 0.5714285714285714}