{"ROC-AUC": 0.7821199715201139, "Precision-Recall": 0.7375917012991201, "MCC": 0.4157884522857649, "Sensitivity": 0.6047169811320755, "Specificity": 0.8028301886792453, "Accuracy": 0.7037735849056603, "Balanced Accuracy": 0.7037735849056603, "Precision": 0.7541176470588236, "theta": 0.5714285714285714}