{"ROC-AUC": 0.7908655215379139, "Precision-Recall": 0.7558025413012439, "MCC": 0.4328958361708616, "Sensitivity": 0.6339622641509434, "Specificity": 0.7933962264150943, "Accuracy": 0.7136792452830188, "Balanced Accuracy": 0.7136792452830188, "Precision": 0.7542087542087542, "theta": 0.5714285714285714}