{"ROC-AUC": 0.7860315058739765, "Precision-Recall": 0.7644416515790535, "MCC": 0.46067347203467907, "Sensitivity": 0.7122641509433962, "Specificity": 0.7481132075471698, "Accuracy": 0.730188679245283, "Balanced Accuracy": 0.730188679245283, "Precision": 0.738747553816047, "theta": 0.5333333333333333}