{"ROC-AUC": 0.7927905838376647, "Precision-Recall": 0.7663988147827943, "MCC": 0.4681654229716562, "Sensitivity": 0.7179245283018868, "Specificity": 0.75, "Accuracy": 0.7339622641509433, "Balanced Accuracy": 0.7339622641509433, "Precision": 0.7417153996101364, "theta": 0.5333333333333333}