{"ROC-AUC": 0.7862259700961196, "Precision-Recall": 0.7581688150276074, "MCC": 0.4430240905724949, "Sensitivity": 0.6283018867924528, "Specificity": 0.8075471698113208, "Accuracy": 0.7179245283018868, "Balanced Accuracy": 0.7179245283018868, "Precision": 0.7655172413793103, "theta": 0.6}