{"ROC-AUC": 0.7932992168031328, "Precision-Recall": 0.7629766102266863, "MCC": 0.4628111441935991, "Sensitivity": 0.7707547169811321, "Specificity": 0.690566037735849, "Accuracy": 0.7306603773584905, "Balanced Accuracy": 0.7306603773584905, "Precision": 0.7135371179039302, "theta": 0.4666666666666667}