{"ROC-AUC": 0.7868231577073691, "Precision-Recall": 0.7557231638848825, "MCC": 0.4611668940584879, "Sensitivity": 0.7009433962264151, "Specificity": 0.7594339622641509, "Accuracy": 0.730188679245283, "Balanced Accuracy": 0.730188679245283, "Precision": 0.7444889779559118, "theta": 0.5333333333333333}