{"ROC-AUC": 0.792529699566912, "Precision-Recall": 0.7706356285155876, "MCC": 0.45249510572744744, "Sensitivity": 0.7119924457034938, "Specificity": 0.7403210576015109, "Accuracy": 0.7261567516525024, "Balanced Accuracy": 0.7261567516525024, "Precision": 0.7327502429543246, "theta": 0.5333333333333333}