{"ROC-AUC": 0.7809064613741545, "Precision-Recall": 0.7524491436070381, "MCC": 0.4230816254513427, "Sensitivity": 0.6311320754716981, "Specificity": 0.7867924528301887, "Accuracy": 0.7089622641509434, "Balanced Accuracy": 0.7089622641509434, "Precision": 0.7474860335195531, "theta": 0.6}