{"ROC-AUC": 0.7723268956924172, "Precision-Recall": 0.7542219660139555, "MCC": 0.4037170424872429, "Sensitivity": 0.6160377358490566, "Specificity": 0.7820754716981132, "Accuracy": 0.6990566037735849, "Balanced Accuracy": 0.6990566037735849, "Precision": 0.7386877828054299, "theta": 0.6}