{"ROC-AUC": 0.8002069241723033, "Precision-Recall": 0.7777739153289006, "MCC": 0.4641914317767277, "Sensitivity": 0.7254716981132076, "Specificity": 0.7386792452830189, "Accuracy": 0.7320754716981132, "Balanced Accuracy": 0.7320754716981133, "Precision": 0.7351816443594646, "theta": 0.5333333333333333}