{"ROC-AUC": 0.793310786756853, "Precision-Recall": 0.7756228962738314, "MCC": 0.46138450260855174, "Sensitivity": 0.6971698113207547, "Specificity": 0.7632075471698113, "Accuracy": 0.730188679245283, "Balanced Accuracy": 0.730188679245283, "Precision": 0.7464646464646465, "theta": 0.5333333333333333}