{"ROC-AUC": 0.79750622997508, "Precision-Recall": 0.7721324886199977, "MCC": 0.4625936336302336, "Sensitivity": 0.7122641509433962, "Specificity": 0.75, "Accuracy": 0.7311320754716981, "Balanced Accuracy": 0.7311320754716981, "Precision": 0.7401960784313726, "theta": 0.5384615384615384}