{"ROC-AUC": 0.7728261836952651, "Precision-Recall": 0.7506538795931984, "MCC": 0.41504523640507945, "Sensitivity": 0.5915094339622642, "Specificity": 0.8132075471698114, "Accuracy": 0.7023584905660377, "Balanced Accuracy": 0.7023584905660378, "Precision": 0.76, "theta": 0.6153846153846154}