{"ROC-AUC": 0.7876718375077242, "Precision-Recall": 0.7634210910430381, "MCC": 0.4461813688608882, "Sensitivity": 0.6997167138810199, "Specificity": 0.7459867799811143, "Accuracy": 0.722851746931067, "Balanced Accuracy": 0.7228517469310671, "Precision": 0.7336633663366336, "theta": 0.5384615384615384}