{"ROC-AUC": 0.7848179957280172, "Precision-Recall": 0.7571779651821715, "MCC": 0.41785594458025005, "Sensitivity": 0.5933962264150944, "Specificity": 0.8141509433962264, "Accuracy": 0.7037735849056603, "Balanced Accuracy": 0.7037735849056603, "Precision": 0.761501210653753, "theta": 0.6153846153846154}