{"ROC-AUC": 0.7942230331078676, "Precision-Recall": 0.7732843016329447, "MCC": 0.4435432247798502, "Sensitivity": 0.5981132075471698, "Specificity": 0.8330188679245283, "Accuracy": 0.715566037735849, "Balanced Accuracy": 0.715566037735849, "Precision": 0.781750924784217, "theta": 0.6153846153846154}