{"ROC-AUC": 0.7934046813812744, "Precision-Recall": 0.7618972234010858, "MCC": 0.4643099182596877, "Sensitivity": 0.7660377358490567, "Specificity": 0.6971698113207547, "Accuracy": 0.7316037735849057, "Balanced Accuracy": 0.7316037735849057, "Precision": 0.7166813768755517, "theta": 0.46153846153846156}