{"ROC-AUC": 0.782563189747241, "Precision-Recall": 0.7610446452530598, "MCC": 0.4300355585454631, "Sensitivity": 0.5962264150943396, "Specificity": 0.8226415094339623, "Accuracy": 0.7094339622641509, "Balanced Accuracy": 0.709433962264151, "Precision": 0.7707317073170732, "theta": 0.6153846153846154}