{"ROC-AUC": 0.7872543609825562, "Precision-Recall": 0.7573548705451155, "MCC": 0.4539986092530572, "Sensitivity": 0.690566037735849, "Specificity": 0.7622641509433963, "Accuracy": 0.7264150943396226, "Balanced Accuracy": 0.7264150943396226, "Precision": 0.7439024390243902, "theta": 0.5384615384615384}