{"ROC-AUC": 0.7799902100391598, "Precision-Recall": 0.7530204703301911, "MCC": 0.41327607040293707, "Sensitivity": 0.5952830188679246, "Specificity": 0.8084905660377358, "Accuracy": 0.7018867924528301, "Balanced Accuracy": 0.7018867924528303, "Precision": 0.7565947242206235, "theta": 0.6153846153846154}