{"ROC-AUC": 0.7936783552865789, "Precision-Recall": 0.7616998030972253, "MCC": 0.46230124276716533, "Sensitivity": 0.6981132075471698, "Specificity": 0.7632075471698113, "Accuracy": 0.7306603773584905, "Balanced Accuracy": 0.7306603773584905, "Precision": 0.7467204843592331, "theta": 0.5384615384615384}