{"ROC-AUC": 0.8050191349234603, "Precision-Recall": 0.7815739452603171, "MCC": 0.4764530929270796, "Sensitivity": 0.7056603773584905, "Specificity": 0.769811320754717, "Accuracy": 0.7377358490566037, "Balanced Accuracy": 0.7377358490566037, "Precision": 0.7540322580645161, "theta": 0.5652173913043478}