{"ROC-AUC": 0.7807934318262726, "Precision-Recall": 0.7609007996942942, "MCC": 0.44479504120751234, "Sensitivity": 0.6820754716981132, "Specificity": 0.7613207547169811, "Accuracy": 0.7216981132075472, "Balanced Accuracy": 0.7216981132075472, "Precision": 0.7407786885245902, "theta": 0.5652173913043478}