{"ROC-AUC": 0.7739262192951227, "Precision-Recall": 0.7569547442071354, "MCC": 0.42281296195455004, "Sensitivity": 0.6188679245283019, "Specificity": 0.7971698113207547, "Accuracy": 0.7080188679245283, "Balanced Accuracy": 0.7080188679245283, "Precision": 0.7531572904707233, "theta": 0.6086956521739131}