{"ROC-AUC": 0.7954040583837665, "Precision-Recall": 0.7776367471767944, "MCC": 0.46765208227215627, "Sensitivity": 0.6915094339622642, "Specificity": 0.7745283018867924, "Accuracy": 0.7330188679245283, "Balanced Accuracy": 0.7330188679245283, "Precision": 0.7541152263374485, "theta": 0.5652173913043478}