{"ROC-AUC": 0.7916945532217871, "Precision-Recall": 0.76203281811268, "MCC": 0.4623576059106929, "Sensitivity": 0.6839622641509434, "Specificity": 0.7764150943396226, "Accuracy": 0.730188679245283, "Balanced Accuracy": 0.730188679245283, "Precision": 0.7536382536382537, "theta": 0.5652173913043478}