{"ROC-AUC": 0.7868162724112133, "Precision-Recall": 0.761437836054941, "MCC": 0.4617596678771364, "Sensitivity": 0.732766761095373, "Specificity": 0.728989612842304, "Accuracy": 0.7308781869688386, "Balanced Accuracy": 0.7308781869688386, "Precision": 0.7300094073377235, "theta": 0.5217391304347826}