{"ROC-AUC": 0.791432449270203, "Precision-Recall": 0.7747889567983233, "MCC": 0.45014605273999153, "Sensitivity": 0.7122641509433962, "Specificity": 0.7377358490566037, "Accuracy": 0.725, "Balanced Accuracy": 0.725, "Precision": 0.7308809293320426, "theta": 0.5217391304347826}