{"ROC-AUC": 0.7851944642221431, "Precision-Recall": 0.7677040297478601, "MCC": 0.43770432613352145, "Sensitivity": 0.629245283018868, "Specificity": 0.8018867924528302, "Accuracy": 0.715566037735849, "Balanced Accuracy": 0.715566037735849, "Precision": 0.7605473204104903, "theta": 0.6086956521739131}