{"ROC-AUC": 0.7832320220719117, "Precision-Recall": 0.7539520534943001, "MCC": 0.43696847416528184, "Sensitivity": 0.6273584905660378, "Specificity": 0.8028301886792453, "Accuracy": 0.7150943396226415, "Balanced Accuracy": 0.7150943396226415, "Precision": 0.7608695652173914, "theta": 0.6086956521739131}