{"ROC-AUC": 0.7931906372374511, "Precision-Recall": 0.7697141295980755, "MCC": 0.47620982980236365, "Sensitivity": 0.6952830188679245, "Specificity": 0.779245283018868, "Accuracy": 0.7372641509433963, "Balanced Accuracy": 0.7372641509433963, "Precision": 0.7590113285272915, "theta": 0.5652173913043478}