{"ROC-AUC": 0.7607155571377715, "Precision-Recall": 0.709643623254727, "MCC": 0.3812491294760373, "Sensitivity": 0.45754716981132076, "Specificity": 0.8867924528301887, "Accuracy": 0.6721698113207547, "Balanced Accuracy": 0.6721698113207547, "Precision": 0.8016528925619835, "theta": 0.6666666666666666}