{"ROC-AUC": 0.7678889284442862, "Precision-Recall": 0.7117131510642347, "MCC": 0.36139613978863916, "Sensitivity": 0.4330188679245283, "Specificity": 0.8886792452830189, "Accuracy": 0.6608490566037736, "Balanced Accuracy": 0.6608490566037736, "Precision": 0.7954939341421143, "theta": 0.6666666666666666}