{"ROC-AUC": 0.7487780348878604, "Precision-Recall": 0.698264503035695, "MCC": 0.3581199268189332, "Sensitivity": 0.4349056603773585, "Specificity": 0.8849056603773585, "Accuracy": 0.6599056603773585, "Balanced Accuracy": 0.6599056603773585, "Precision": 0.79073756432247, "theta": 0.6666666666666666}