{"ROC-AUC": 0.7661512103951584, "Precision-Recall": 0.7178571117986237, "MCC": 0.39279286386729045, "Sensitivity": 0.4537735849056604, "Specificity": 0.8981132075471698, "Accuracy": 0.6759433962264151, "Balanced Accuracy": 0.6759433962264151, "Precision": 0.8166383701188455, "theta": 0.6666666666666666}