{"ROC-AUC": 0.7514044143823424, "Precision-Recall": 0.7050027269122936, "MCC": 0.3828661348611082, "Sensitivity": 0.45660377358490567, "Specificity": 0.8886792452830189, "Accuracy": 0.6726415094339623, "Balanced Accuracy": 0.6726415094339623, "Precision": 0.8039867109634552, "theta": 0.6666666666666666}