{"ROC-AUC": 0.7517613029547882, "Precision-Recall": 0.695623364078705, "MCC": 0.34520717077640906, "Sensitivity": 0.439622641509434, "Specificity": 0.8716981132075472, "Accuracy": 0.6556603773584906, "Balanced Accuracy": 0.6556603773584906, "Precision": 0.7740863787375415, "theta": 0.6666666666666666}