{"ROC-AUC": 0.7639707191171236, "Precision-Recall": 0.7070267234851427, "MCC": 0.35533925697777746, "Sensitivity": 0.42641509433962266, "Specificity": 0.8886792452830189, "Accuracy": 0.6575471698113208, "Balanced Accuracy": 0.6575471698113208, "Precision": 0.7929824561403509, "theta": 0.6666666666666666}