{"ROC-AUC": 0.7420425418298326, "Precision-Recall": 0.6929660636410552, "MCC": 0.35351893815412505, "Sensitivity": 0.4339622641509434, "Specificity": 0.8820754716981132, "Accuracy": 0.6580188679245284, "Balanced Accuracy": 0.6580188679245282, "Precision": 0.7863247863247863, "theta": 0.6666666666666666}