{"ROC-AUC": 0.7574524222880281, "Precision-Recall": 0.7079227931813342, "MCC": 0.3780743163413363, "Sensitivity": 0.4542020774315392, "Specificity": 0.886685552407932, "Accuracy": 0.6704438149197356, "Balanced Accuracy": 0.6704438149197356, "Precision": 0.800332778702163, "theta": 0.6666666666666666}