{"ROC-AUC": 0.750753381986472, "Precision-Recall": 0.6935408825651399, "MCC": 0.33471947105402333, "Sensitivity": 0.4216981132075472, "Specificity": 0.8764150943396226, "Accuracy": 0.6490566037735849, "Balanced Accuracy": 0.6490566037735849, "Precision": 0.773356401384083, "theta": 0.6666666666666666}