{"ROC-AUC": 0.783309896760413, "Precision-Recall": 0.7487958724002385, "MCC": 0.43287404984315175, "Sensitivity": 0.6707547169811321, "Specificity": 0.7603773584905661, "Accuracy": 0.715566037735849, "Balanced Accuracy": 0.715566037735849, "Precision": 0.7367875647668394, "theta": 0.5454545454545454}