{"ROC-AUC": 0.789757030971876, "Precision-Recall": 0.7569292142237747, "MCC": 0.45181820957370544, "Sensitivity": 0.680188679245283, "Specificity": 0.769811320754717, "Accuracy": 0.725, "Balanced Accuracy": 0.7250000000000001, "Precision": 0.7471502590673575, "theta": 0.5454545454545454}