{"ROC-AUC": 0.7985755606977573, "Precision-Recall": 0.7714599218392002, "MCC": 0.4611166570712572, "Sensitivity": 0.7018867924528301, "Specificity": 0.7584905660377359, "Accuracy": 0.730188679245283, "Balanced Accuracy": 0.730188679245283, "Precision": 0.744, "theta": 0.5454545454545454}