{"ROC-AUC": 0.7839579983967628, "Precision-Recall": 0.7566415399095452, "MCC": 0.44298006463865974, "Sensitivity": 0.6864966949952785, "Specificity": 0.7554296506137866, "Accuracy": 0.7209631728045326, "Balanced Accuracy": 0.7209631728045326, "Precision": 0.7373225152129818, "theta": 0.5454545454545454}