{"ROC-AUC": 0.7861974902100392, "Precision-Recall": 0.7551821847147412, "MCC": 0.42691807182220154, "Sensitivity": 0.659433962264151, "Specificity": 0.7650943396226415, "Accuracy": 0.7122641509433962, "Balanced Accuracy": 0.7122641509433962, "Precision": 0.7373417721518988, "theta": 0.5454545454545454}