{"ROC-AUC": 0.7790459238163048, "Precision-Recall": 0.7488611372400746, "MCC": 0.42580429172869605, "Sensitivity": 0.6735849056603773, "Specificity": 0.7509433962264151, "Accuracy": 0.7122641509433962, "Balanced Accuracy": 0.7122641509433962, "Precision": 0.7300613496932515, "theta": 0.5454545454545454}