{"ROC-AUC": 0.7928742435030259, "Precision-Recall": 0.7673959029950873, "MCC": 0.4165667445914536, "Sensitivity": 0.5518867924528302, "Specificity": 0.8462264150943396, "Accuracy": 0.6990566037735849, "Balanced Accuracy": 0.6990566037735849, "Precision": 0.7820855614973262, "theta": 0.6363636363636364}