{"ROC-AUC": 0.7701553043787825, "Precision-Recall": 0.7440656266078398, "MCC": 0.4069799091290129, "Sensitivity": 0.5547169811320755, "Specificity": 0.8358490566037736, "Accuracy": 0.6952830188679245, "Balanced Accuracy": 0.6952830188679245, "Precision": 0.7716535433070866, "theta": 0.6363636363636364}