{"ROC-AUC": 0.7930420078319685, "Precision-Recall": 0.7603281306782315, "MCC": 0.4675079794819385, "Sensitivity": 0.6933962264150944, "Specificity": 0.7726415094339623, "Accuracy": 0.7330188679245283, "Balanced Accuracy": 0.7330188679245283, "Precision": 0.7530737704918032, "theta": 0.5454545454545454}