{"ROC-AUC": 0.7780602527589888, "Precision-Recall": 0.7533572523646169, "MCC": 0.4082482904638631, "Sensitivity": 0.5584905660377358, "Specificity": 0.8339622641509434, "Accuracy": 0.6962264150943396, "Balanced Accuracy": 0.6962264150943396, "Precision": 0.7708333333333334, "theta": 0.6363636363636364}